{
  "pays": "Tunisie",
  "type": "Maisons des Jeunes",
  "source": "Guide MJ Ministère Jeunesse et Sports + annuaires",
  "total_estime": 348,
  "ministere_responsable": {
    "nom": "Ministère de la Jeunesse et des Sports",
    "adresse": "Avenue Med Ali Akid, Cité El Khadhra, 1003 Tunis",
    "telephone": "+216 71 841 433",
    "site": "http://www.sport.tn"
  },
  "maisons": [
    {
      "nom": "MJ 15 Octobre de Bizerte",
      "ville": "Bizerte",
      "adresse": "Avenue Hassen Nouri, 7000 Bizerte",
      "telephone": "+216 72 431 608",
      "gps": { "lat": 37.2744, "lng": 9.8739 }
    },
    {
      "nom": "MJ Bizerte Rimel",
      "ville": "Menzel Jemil",
      "adresse": "Rimel, 7080 Menzel Jemil",
      "telephone": "+216 72 446 088",
      "gps": { "lat": 37.2200, "lng": 9.9200 }
    },
    {
      "nom": "MJ Mahdia",
      "ville": "Mahdia",
      "adresse": "Mahdia Centre",
      "telephone": "+216 73 681 559",
      "gps": { "lat": 35.5047, "lng": 11.0615 }
    },
    {
      "nom": "MJ Chebba",
      "ville": "Mahdia",
      "adresse": "Chebba",
      "telephone": "+216 73 232 248",
      "gps": { "lat": 35.2370, "lng": 11.2260 }
    },
    {
      "nom": "MJ Medenine",
      "ville": "Medenine",
      "adresse": "Route El Jorf",
      "telephone": "+216 75 640 338",
      "gps": { "lat": 33.5078, "lng": 10.9456 }
    },
    {
      "nom": "MJ Zarzis",
      "ville": "Zarzis",
      "adresse": "Zarzis Centre",
      "telephone": "+216 75 681 599",
      "gps": { "lat": 33.4099, "lng": 11.4350 }
    },
    {
      "nom": "MJ Monastir",
      "ville": "Monastir",
      "adresse": "Monastir Centre",
      "telephone": "+216 73 461 216",
      "gps": { "lat": 35.7682, "lng": 10.8268 }
    },
    {
      "nom": "MJ Nabeul",
      "ville": "Nabeul",
      "adresse": "Avenue Taieb M'hiri",
      "telephone": "+216 72 286 689",
      "gps": { "lat": 36.4561, "lng": 10.7376 }
    },
    {
      "nom": "MJ Hammamet",
      "ville": "Hammamet",
      "adresse": "Hammamet Centre",
      "telephone": "+216 72 280 440",
      "gps": { "lat": 36.4061, "lng": 10.6037 }
    },
    {
      "nom": "MJ Kelibia",
      "ville": "Kelibia",
      "adresse": "Route de la Plage",
      "telephone": "+216 72 296 105",
      "gps": { "lat": 36.8426, "lng": 11.1202 }
    },
    {
      "nom": "MJ Korba",
      "ville": "Korba",
      "adresse": "Cité Riadh",
      "telephone": "+216 72 385 269",
      "gps": { "lat": 36.6530, "lng": 10.9830 }
    },
    {
      "nom": "MJ Sousse",
      "ville": "Sousse",
      "adresse": "Avenue Tayeb M'hiri",
      "telephone": "+216 73 227 548",
      "gps": { "lat": 35.8256, "lng": 10.6372 }
    },
    {
      "nom": "MJ Tunis Médina",
      "ville": "Tunis",
      "adresse": "Médina Tunis",
      "telephone": "+216 98 578 638",
      "gps": { "lat": 36.8065, "lng": 10.1815 }
    },
    {
      "nom": "MJ Ibn Khaldoun",
      "ville": "Tunis",
      "adresse": "Rue du Martyre Alwardi al Hammami, Cité Ibn Khaldoun, El Omrane Sup, 2062 Tunis",
      "telephone": "+216 71 929 149",
      "gps": { "lat": 36.8500, "lng": 10.2100 }
    },
    {
      "nom": "MJ Sidi El Béchir",
      "ville": "Tunis",
      "adresse": "Rue Sidi El Béchir, Tunis",
      "telephone": "+216 71 342 635",
      "gps": { "lat": 36.8150, "lng": 10.1900 }
    },
    {
      "nom": "MJ Gafsa",
      "ville": "Gafsa",
      "telephone": "+216 76 224 468",
      "gps": { "lat": 34.4200, "lng": 8.7842 }
    },
    {
      "nom": "MJ Jendouba",
      "ville": "Jendouba",
      "telephone": "+216 78 633 652",
      "gps": { "lat": 36.4833, "lng": 8.4333 }
    }
  ],
  "remarque": "Liste non exhaustive (sur ~350 MJ). Pour complet, contacte Ministère Jeunesse (mjs.tn) ou scrape Pages Jaunes. GPS approximatifs."
}
